{
  "packages": [
    {
      "name": "Elektor-Uno-R4-for-Arduino-1.6.10",
      "maintainer": "Elektor.Labs",
      "websiteURL": "https://github.com/ElektorLabs/arduino/",
      "email": "info@elektor-labs.com",
      "help": {
        "online": "http://www.elektor-labs.com"
      },
      "platforms": [
        {
          "name": "Elektor Uno R4 (with ATmega328PB) for Arduino 1.6.10",
          "architecture": "avr",
          "version": "1.0.0",
          "category": "Contributed",
          "help": {
            "online": "http://www.elektor-labs.com"
          },
          "url": "https://raw.githubusercontent.com/ElektorLabs/arduino/master/elektor-uno-r4-1.6.10-1.0.0.zip",
          "archiveFileName": "elektor-uno-r4-1.6.10-1.0.0.zip",
          "checksum": "SHA-256:5e61a717c9dbfb4d43b137ca310136ce738bcde5c1f5a6cb09be2c6923b0903a",
          "size": "203152",
          "help": {
                    "online": "http://www.elektor-labs.com"
          },
          "boards": [
            {"name": "Elektor Uno R4"}
          ],
          "toolsDependencies": [
            {
              "packager": "arduino",
              "name": "avr-gcc",
              "version": "4.9.2-atmel3.5.3-arduino2"
            },
            {
              "packager": "arduino",
              "name": "avrdude",
              "version": "6.3.0-arduino2"
            }
          ]
        },
        {
          "name": "Elektor Uno R4 (with ATmega328PB) for Arduino 1.6.1x",
          "architecture": "avr",
          "version": "1.0.1",
          "category": "Contributed",
          "help": {
            "online": "http://www.elektor-labs.com"
          },
          "url": "https://raw.githubusercontent.com/ElektorLabs/arduino/master/elektor-uno-r4-1.6.10-1.0.1.zip",
          "archiveFileName": "elektor-uno-r4-1.6.10-1.0.1.zip",
          "checksum": "SHA-256:9c753d101e3208da70c6989c581dc1f60c0e24760114071134e5128439e27e84",
          "size": "198125",
          "help": {
                    "online": "http://www.elektor-labs.com"
          },
          "boards": [
            {"name": "Elektor Uno R4 @ 16 MHz"},
            {"name": "Elektor Uno R4 @ 8 MHz"}
          ],
          "toolsDependencies": [
            {
              "packager": "arduino",
              "name": "avr-gcc",
              "version": "4.9.2-atmel3.5.3-arduino2"
            },
            {
              "packager": "arduino",
              "name": "avrdude",
              "version": "6.3.0-arduino2"
            }
          ]
        }
      ],
      "tools":[]
    }
  ]
}
