{
  "packages": [
    {
      "name": "Elektor-Uno-R4-for-Arduino-1.8.x",
      "maintainer": "Elektor.Labs",
      "websiteURL": "https://github.com/ElektorLabs/arduino/",
      "email": "info@elektor-labs.com",
      "help": {
        "online": "http://www.elektor-labs.com"
      },
      "platforms": [
        {
          "name": "Elektor Uno R4 for Arduino 1.8.x",
          "architecture": "avr",
          "version": "1.0.0",
          "category": "Contributed",
          "help": {
            "online": "http://www.elektor-labs.com"
          },
          "url": "https://github.com/ElektorLabs/Arduino/releases/download/v1.0.1/elektor-uno-r4-1.8.x-1.0.0.zip",
          "archiveFileName": "elektor-uno-r4-1.8.x-1.0.0.zip",
          "checksum": "SHA-256:9c753d101e3208da70c6989c581dc1f60c0e24760114071134e5128439e27e84",
          "size": "198125",
          "help": {
                    "online": "http://www.elektor-labs.com"
          },
          "boards": [
            {"name": "Elektor Uno R4 @ 16 MHz"},
            {"name": "Elektor Uno R4 @ 8 MHz"}
          ],
          "toolsDependencies": [
            {
              "packager": "arduino",
              "name": "avr-gcc",
              "version": "4.9.2-atmel3.5.3-arduino2"
            },
            {
              "packager": "arduino",
              "name": "avrdude",
              "version": "6.3.0-arduino2"
            }
          ]
        },
        {
          "name": "Elektor Uno R4 for Arduino 1.8.x",
          "architecture": "avr",
          "version": "2.0.0",
          "category": "Contributed",
          "help": {
            "online": "http://www.elektor-labs.com"
          },
          "url": "https://github.com/ElektorLabs/Arduino/releases/download/v1.0.1/elektor-uno-r4-1.8.13-1.0.0.zip",
          "archiveFileName": "elektor-uno-r4-1.8.13-1.0.0.zip",
          "checksum": "SHA-256:1ee0388a5b2778b4819f75da96a8f1b7c202735fd8e660b8837a0cf059a9b31b",
          "size": "202850",
          "help": {
                    "online": "http://www.elektor-labs.com"
          },
          "boards": [
            {"name": "Elektor Uno R4 @ 16 MHz"},
            {"name": "Elektor Uno R4 @ 8 MHz"}
          ],
          "toolsDependencies": []
        },
        {
          "name": "Elektor Uno R4 for Arduino 1.8.x",
          "architecture": "avr",
          "version": "2.0.2",
          "category": "Contributed",
          "help": {
            "online": "http://www.elektor-labs.com"
          },
          "url": "https://github.com/ElektorLabs/Arduino/releases/download/v1.0.1/elektor-uno-r4-1.8.13-1.0.2.zip",
          "archiveFileName": "elektor-uno-r4-1.8.13-1.0.2.zip",
          "checksum": "SHA-256:0d35c946d64a02c88414d0f83550fef8457abb54ed8294d216d077654adc93ee",
          "size": "193965",
          "help": {
                    "online": "http://www.elektor-labs.com"
          },
          "boards": [
            {"name": "Elektor Uno R4 @ 16 MHz"},
            {"name": "Elektor Uno R4 @ 8 MHz"}
          ],
          "toolsDependencies": []
        },
        {
          "name": "Elektor Uno R4 for Arduino 1.8.x",
          "architecture": "avr",
          "version": "2.0.3",
          "category": "Contributed",
          "help": {
            "online": "http://www.elektor-labs.com"
          },
          "url": "https://github.com/ElektorLabs/Arduino/releases/download/v1.0.1/elektor-uno-r4-1.8.13-1.0.3.zip",
          "archiveFileName": "elektor-uno-r4-1.8.13-1.0.3.zip",
          "checksum": "SHA-256:a3ec8710412c87adba4cdbd48041b4f5917f97b36e56f09ad8ced804ec444850",
          "size": "194229",
          "help": {
                    "online": "http://www.elektor-labs.com"
          },
          "boards": [
            {"name": "Elektor Uno R4 @ 16 MHz"},
            {"name": "Elektor Uno R4 @ 8 MHz"}
          ],
          "toolsDependencies": []
        },
        {
          "name": "Elektor Uno R4 for Arduino 1.8.x",
          "architecture": "avr",
          "version": "2.0.4",
          "category": "Contributed",
          "help": {
            "online": "http://www.elektor-labs.com"
          },
          "url": "https://github.com/ElektorLabs/Arduino/releases/download/v1.0.1/elektor-uno-r4-1.8.13-1.0.4.zip",
          "archiveFileName": "elektor-uno-r4-1.8.13-1.0.4.zip",
          "checksum": "SHA-256:5e0066dc409db00db73799ac9a9eb1e7c5fc3976ab9c3ece83cc59a4c1db84a0",
          "size": "196547",
          "help": {
                    "online": "http://www.elektor-labs.com"
          },
          "boards": [
            {"name": "Elektor Uno R4 @ 16 MHz"},
            {"name": "Elektor Uno R4 @ 8 MHz"}
          ],
          "toolsDependencies": []
        }
      ],
      "tools":[]
    }
  ]
}