{
  "packages": [
    {
      "name": "Elektor-Uno-R4",
      "maintainer": "Elektor.Labs",
      "websiteURL": "https://github.com/ElektorLabs/arduino/",
      "email": "info@elektor-labs.com",
      "help": {
        "online": "http://www.elektor-labs.com"
      },
      "platforms": [
        {
          "name": "Elektor Uno R4 (with ATmega328PB)",
          "architecture": "avr",
          "version": "1.0.0",
          "category": "Contributed",
          "help": {
            "online": "http://www.elektor-labs.com"
          },
          "url": "https://raw.githubusercontent.com/ElektorLabs/arduino/master/elektor-uno-r4-1.0.0.zip",
          "archiveFileName": "elektor-uno-r4-1.0.0.zip",
          "checksum": "SHA-256:b57d0123734ee7449ea013a72d0a1cafc9a7cc8c8c15d59b518259e6ad06b3c8",
          "size": "202175",
          "help": {
                    "online": "http://www.elektor-labs.com"
          },
          "boards": [
            {"name": "Uno R4"}
          ],
          "toolsDependencies": [
            {
              "packager": "arduino",
              "name": "avr-gcc",
              "version": "4.8.1-arduino5"
            },
            {
              "packager": "arduino",
              "name": "avrdude",
              "version": "6.0.1-arduino5"
            }
          ]
        },
        {
          "name": "Elektor Uno R4 (with ATmega328PB)",
          "architecture": "avr",
          "version": "1.0.1",
          "category": "Contributed",
          "help": {
            "online": "http://www.elektor-labs.com"
          },
          "url": "https://raw.githubusercontent.com/ElektorLabs/arduino/master/elektor-uno-r4-1.0.1.zip",
          "archiveFileName": "elektor-uno-r4-1.0.1.zip",
          "checksum": "SHA-256:83d6056cf1804c1a887265dec964c7e840f6e877e3ee074c0424d59feb3c705e",
          "size": "202692",
          "help": {
                    "online": "http://www.elektor-labs.com"
          },
          "boards": [
            {"name": "Uno R4"}
          ],
          "toolsDependencies": [
            {
              "packager": "arduino",
              "name": "avr-gcc",
              "version": "4.8.1-arduino5"
            },
            {
              "packager": "arduino",
              "name": "avrdude",
              "version": "6.0.1-arduino5"
            }
          ]
        },
        {
          "name": "Elektor Uno R4 (with ATmega328PB)",
          "architecture": "avr",
          "version": "1.0.2",
          "category": "Contributed",
          "help": {
            "online": "http://www.elektor-labs.com"
          },
          "url": "https://raw.githubusercontent.com/ElektorLabs/arduino/master/elektor-uno-r4-1.0.2.zip",
          "archiveFileName": "elektor-uno-r4-1.0.2.zip",
          "checksum": "SHA-256:011b233e61255526c0d9f1c0e4085c590a5a10e3b7cbccbbb2555585e5b3656d",
          "size": "196878",
          "help": {
                    "online": "http://www.elektor-labs.com"
          },
          "boards": [
            {"name": "Elektor Uno R4 @ 16 MHz"},
            {"name": "Elektor Uno R4 @ 8 MHz"}
          ],
          "toolsDependencies": [
            {
              "packager": "arduino",
              "name": "avr-gcc",
              "version": "4.8.1-arduino5"
            },
            {
              "packager": "arduino",
              "name": "avrdude",
              "version": "6.0.1-arduino5"
            }
          ]
        }
      ],
      "tools":[]
    }
  ]
}
